{'topK': 1148, 'alpha': 0.3747336360484326, 'normalize_similarity': True}
KFOLD -> 0.4580442195106619