trialid,accuracy,num_factors,confidence_scaling,alpha,epsilon,reg
0,0.02862679470385789,201,,0.3999632174869853,0.010781195152598436,0.0010873676515046318
1,0.028956920686289817,212,,0.9305774998168244,0.01590102701013411,0.0034073518015001096
2,0.029284530391174974,237,,0.8518168781047342,0.015416759470287537,0.002312451046658324
3,0.028929767362716553,247,,0.6868802895017361,0.015953398249309303,0.002941544239044127
4,0.02852969127240977,203,,0.37909235629163374,0.012740397008609452,0.0013656527419303984
5,0.028024320805722595,238,,0.29197646760943563,0.02933462812963962,0.004892890302730846
6,0.028502863018184728,234,,0.3787422347205115,0.02222767999248082,0.0036305830821076576
7,0.028932524432372875,243,,0.7050745492594863,0.025436480481043293,0.0037998317684082004
